date,total_cases,new_cases,total_deaths,new_deaths,new_tests,total_tests,positive_rate,tests_per_case,total_vaccinations,people_vaccinated,people_fully_vaccinated
2020-01-25,1.0,1.0,,,,,,,,,
2020-01-26,1.0,0.0,,,,,,,,,
2020-01-27,1.0,0.0,,,,,,,,,
2020-01-28,1.0,0.0,,,,3.0,,,,,
2020-01-29,1.0,0.0,,,1.0,4.0,,,,,
2020-01-30,1.0,0.0,,,1.0,5.0,,,,,
2020-01-31,1.0,0.0,,,,,,,,,
2020-02-01,1.0,0.0,,,,,,,,,
2020-02-02,1.0,0.0,,,,,,,,,
2020-02-03,1.0,0.0,,,,,,,,,
2020-02-04,1.0,0.0,,,,14.0,0.0,,,,
2020-02-05,1.0,0.0,,,,,0.0,,,,
2020-02-06,1.0,0.0,,,,18.0,0.0,,,,
2020-02-07,1.0,0.0,,,,,0.0,,,,
2020-02-08,1.0,0.0,,,,,0.0,,,,
2020-02-09,1.0,0.0,,,,,0.0,,,,
2020-02-10,1.0,0.0,,,,,0.0,,,,
2020-02-11,1.0,0.0,,,,,0.0,,,,
2020-02-12,1.0,0.0,,,,20.0,0.0,,,,
2020-02-13,1.0,0.0,,,4.0,24.0,0.0,,,,
2020-02-14,1.0,0.0,,,,,0.0,,,,
2020-02-15,1.0,0.0,,,,,0.0,,,,
2020-02-16,1.0,0.0,,,,34.0,0.0,,,,
2020-02-17,1.0,0.0,,,,,0.0,,,,
2020-02-18,1.0,0.0,,,,35.0,0.0,,,,
2020-02-19,1.0,0.0,,,175.0,210.0,0.0,,,,
2020-02-20,1.0,0.0,,,2.0,212.0,0.0,,,,
2020-02-21,1.0,0.0,,,,,0.0,,,,
2020-02-22,1.0,0.0,,,,,0.0,,,,
2020-02-23,1.0,0.0,,,,216.0,0.0,,,,
2020-02-24,1.0,0.0,,,1.0,217.0,0.0,,,,
2020-02-25,1.0,0.0,,,4.0,221.0,0.0,,,,
2020-02-26,1.0,0.0,,,1.0,222.0,0.0,,,,
2020-02-27,1.0,0.0,,,,,0.0,,,,
2020-02-28,1.0,0.0,,,,224.0,0.0,,,,
2020-02-29,1.0,0.0,,,,,0.0,,,,
2020-03-01,1.0,0.0,,,,243.0,0.0,,,,
2020-03-02,1.0,0.0,,,182.0,425.0,0.0,,,,
2020-03-03,1.0,0.0,,,8.0,433.0,0.0,,,,
2020-03-04,1.0,0.0,,,,,0.0,,,,
2020-03-05,1.0,0.0,,,,,0.0,,,,
2020-03-06,1.0,0.0,,,,437.0,0.0,,,,
2020-03-07,1.0,0.0,,,,,0.0,,,,
2020-03-08,1.0,0.0,,,,,0.0,,,,
2020-03-09,1.0,0.0,,,,,0.0,,,,
2020-03-10,1.0,0.0,,,,445.0,0.0,,,,
2020-03-11,1.0,0.0,,,2.0,447.0,0.0,,,,
2020-03-12,1.0,0.0,,,3.0,450.0,0.0,,,,
2020-03-13,1.0,0.0,,,6.0,456.0,0.0,,,,
2020-03-14,1.0,0.0,,,,,0.0,,,,
2020-03-15,1.0,0.0,,,,467.0,0.0,,,,
2020-03-16,1.0,0.0,,,11.0,478.0,0.0,,,,
2020-03-17,1.0,0.0,,,18.0,496.0,0.0,,,,
2020-03-18,1.0,0.0,,,16.0,512.0,0.0,,,,
2020-03-19,1.0,0.0,,,17.0,529.0,0.0,,,,
2020-03-20,1.0,0.0,,,17.0,546.0,0.0,,,,
2020-03-21,1.0,0.0,,,,,0.0,,,,
2020-03-22,1.0,0.0,,,,572.0,0.0,,,,
2020-03-23,2.0,1.0,,,37.0,609.0,0.008,132.9,,,
2020-03-24,2.0,0.0,,,1.0,610.0,0.009,111.9,,,
2020-03-25,3.0,1.0,,,77.0,687.0,0.011,87.4,,,
2020-03-26,3.0,0.0,,,71.0,758.0,0.009,115.4,,,
2020-03-27,4.0,1.0,,,44.0,802.0,0.012,86.2,,,
2020-03-28,5.0,1.0,,,73.0,875.0,0.013,78.8,,,
2020-03-29,5.0,0.0,,,42.0,917.0,0.012,85.8,,,
2020-03-30,5.0,0.0,,,76.0,993.0,0.008,128.2,,,
2020-03-31,5.0,0.0,,,67.0,1060.0,0.007,149.2,,,
2020-04-01,5.0,0.0,,,85.0,1145.0,0.004,227.3,,,
2020-04-02,6.0,1.0,,,40.0,1185.0,0.007,142.2,,,
2020-04-03,6.0,0.0,,,123.0,1308.0,0.004,251.7,,,
2020-04-04,9.0,3.0,,,213.0,1521.0,0.006,161.1,,,
2020-04-05,9.0,0.0,,,121.0,1642.0,0.005,182.1,,,
2020-04-06,9.0,0.0,,,248.0,1890.0,0.004,224.2,,,
2020-04-07,9.0,0.0,,,232.0,2122.0,0.004,266.2,,,
2020-04-08,9.0,0.0,,,244.0,2366.0,0.003,304.7,,,
2020-04-09,9.0,0.0,,,529.0,2895.0,0.002,568.8,,,
2020-04-10,9.0,0.0,,,630.0,3525.0,0.001,738.9,,,
2020-04-11,9.0,0.0,,,901.0,4426.0,0.0,,,,
2020-04-12,12.0,3.0,,,758.0,5184.0,0.001,1179.5,,,
2020-04-13,14.0,2.0,,,507.0,5691.0,0.001,760.5,,,
2020-04-14,16.0,2.0,,,608.0,6299.0,0.002,597.0,,,
2020-04-15,16.0,0.0,,,572.0,6871.0,0.002,644.0,,,
2020-04-16,16.0,0.0,,,369.0,7240.0,0.002,621.0,,,
2020-04-17,30.0,14.0,,,218.0,7458.0,0.005,187.3,,,
2020-04-18,31.0,1.0,,,555.0,8013.0,0.006,162.9,,,
2020-04-19,31.0,0.0,,,68.0,8081.0,0.007,152.5,,,
2020-04-20,31.0,0.0,,,333.0,8414.0,0.006,160.1,,,
2020-04-21,43.0,12.0,,,349.0,8763.0,0.011,91.3,,,
2020-04-22,45.0,2.0,,,251.0,9014.0,0.014,73.9,,,
2020-04-23,48.0,3.0,,,186.0,9200.0,0.016,61.3,,,
2020-04-24,49.0,1.0,,,206.0,9406.0,0.01,102.4,,,
2020-04-25,49.0,0.0,,,260.0,9666.0,0.011,91.8,,,
2020-04-26,52.0,3.0,,,265.0,9931.0,0.011,88.0,,,
2020-04-27,52.0,0.0,,,540.0,10471.0,0.01,98.0,,,
2020-04-28,54.0,2.0,,,336.0,10807.0,0.005,185.9,,,
2020-04-29,57.0,3.0,,,717.0,11524.0,0.005,209.5,,,
2020-04-30,57.0,0.0,,,487.0,12011.0,0.003,312.6,,,
2020-05-01,59.0,2.0,,,566.0,12577.0,0.003,317.0,,,
2020-05-02,59.0,0.0,,,521.0,13098.0,0.003,342.9,,,
2020-05-03,75.0,16.0,,,326.0,13424.0,0.007,151.9,,,
2020-05-04,75.0,0.0,,,216.0,13640.0,0.007,137.9,,,
2020-05-05,82.0,7.0,,,210.0,13850.0,0.009,108.8,,,
2020-05-06,99.0,17.0,,,246.0,14096.0,0.016,61.2,,,
2020-05-07,101.0,2.0,,,415.0,14511.0,0.018,56.8,,,
2020-05-08,102.0,1.0,,,981.0,15492.0,0.015,67.7,,,
2020-05-09,110.0,8.0,,,817.0,16309.0,0.016,63.0,,,
2020-05-10,110.0,0.0,,,589.0,16898.0,0.01,99.2,,,
2020-05-11,134.0,24.0,,,911.0,17809.0,0.014,70.7,,,
2020-05-12,217.0,83.0,,,1155.0,18964.0,0.026,37.9,,,
2020-05-13,250.0,33.0,,,2376.0,21340.0,0.021,48.0,,,
2020-05-14,249.0,-1.0,,,1324.0,22664.0,0.018,55.1,,,
2020-05-15,267.0,18.0,,,1250.0,23914.0,0.02,51.0,,,
2020-05-16,291.0,24.0,1.0,1.0,2777.0,26691.0,0.017,57.4,,,
2020-05-17,295.0,4.0,2.0,1.0,1470.0,28161.0,0.016,60.9,,,
2020-05-18,375.0,80.0,2.0,0.0,2563.0,30724.0,0.019,53.6,,,
2020-05-19,402.0,27.0,2.0,0.0,2282.0,33006.0,0.013,75.9,,,
2020-05-20,427.0,25.0,2.0,0.0,2488.0,35494.0,0.013,80.0,,,
2020-05-21,457.0,30.0,3.0,1.0,3243.0,38737.0,0.013,77.3,,,
2020-05-22,516.0,59.0,3.0,0.0,3780.0,42517.0,0.013,74.7,,,
2020-05-23,584.0,68.0,3.0,0.0,3442.0,45959.0,0.015,65.8,,,
2020-05-24,603.0,19.0,3.0,0.0,2856.0,48815.0,0.015,67.1,,,
2020-05-25,682.0,79.0,4.0,1.0,2827.0,51642.0,0.015,68.1,,,
2020-05-26,772.0,90.0,4.0,0.0,3055.0,54697.0,0.017,58.6,,,
2020-05-27,886.0,114.0,4.0,0.0,3580.0,58277.0,0.02,49.6,,,
2020-05-28,1042.0,156.0,5.0,1.0,2639.0,60916.0,0.026,37.9,,,
2020-05-29,1212.0,170.0,6.0,1.0,3238.0,64154.0,0.032,31.1,,,
2020-05-30,1401.0,189.0,6.0,0.0,2575.0,66729.0,0.039,25.4,,,
2020-05-31,1572.0,171.0,8.0,2.0,2858.0,69587.0,0.047,21.4,,,
2020-06-01,1811.0,239.0,8.0,0.0,2316.0,71903.0,0.056,17.9,,,
2020-06-02,2099.0,288.0,8.0,0.0,3440.0,75343.0,0.064,15.6,,,
2020-06-03,2300.0,201.0,9.0,1.0,4924.0,80267.0,0.064,15.5,,,
2020-06-04,2634.0,334.0,10.0,1.0,3867.0,84134.0,0.069,14.6,,,
2020-06-05,2912.0,278.0,11.0,1.0,4232.0,88366.0,0.07,14.2,,,
2020-06-06,3235.0,323.0,13.0,2.0,4111.0,92477.0,0.071,14.0,,,
2020-06-07,3448.0,213.0,13.0,0.0,3728.0,96205.0,0.07,14.2,,,
2020-06-08,3762.0,314.0,14.0,1.0,4766.0,100971.0,0.067,14.9,,,
2020-06-09,4086.0,324.0,15.0,1.0,5359.0,106330.0,0.064,15.6,,,
2020-06-10,4364.0,278.0,15.0,0.0,4414.0,110744.0,0.068,14.8,,,
2020-06-11,4614.0,250.0,15.0,0.0,5193.0,115937.0,0.062,16.1,,,
2020-06-12,5062.0,448.0,16.0,1.0,5925.0,121862.0,0.064,15.6,,,
2020-06-13,5335.0,273.0,18.0,2.0,5426.0,127288.0,0.06,16.6,,,
2020-06-14,5760.0,425.0,19.0,1.0,6089.0,133377.0,0.062,16.1,,,
2020-06-15,6211.0,451.0,19.0,0.0,5306.0,138683.0,0.065,15.4,,,
2020-06-16,6591.0,380.0,19.0,0.0,5055.0,143738.0,0.067,14.9,,,
2020-06-17,7177.0,586.0,20.0,1.0,6034.0,149772.0,0.072,13.9,,,
2020-06-18,7848.0,671.0,22.0,2.0,5746.0,155518.0,0.082,12.2,,,
2020-06-19,8274.0,426.0,22.0,0.0,6231.0,161749.0,0.081,12.4,,,
2020-06-20,8605.0,331.0,22.0,0.0,7416.0,169165.0,0.078,12.8,,,
2020-06-21,9026.0,421.0,23.0,1.0,6008.0,175173.0,0.078,12.8,,,
2020-06-22,9561.0,535.0,23.0,0.0,6198.0,181371.0,0.078,12.7,,,
2020-06-23,10099.0,538.0,24.0,1.0,4995.0,186366.0,0.082,12.2,,,
2020-06-24,10728.0,629.0,24.0,0.0,6828.0,193194.0,0.082,12.2,,,
2020-06-25,11162.0,434.0,26.0,2.0,6543.0,199737.0,0.075,13.3,,,
2020-06-26,11755.0,593.0,27.0,1.0,6534.0,206271.0,0.078,12.8,,,
2020-06-27,12309.0,554.0,28.0,1.0,4606.0,210877.0,0.089,11.3,,,
2020-06-28,12772.0,463.0,28.0,0.0,4962.0,215839.0,0.092,10.9,,,
2020-06-29,13248.0,476.0,29.0,1.0,7791.0,223630.0,0.087,11.5,,,
2020-06-30,13564.0,316.0,29.0,0.0,4711.0,228341.0,0.083,12.1,,,
2020-07-01,14046.0,482.0,30.0,1.0,4886.0,233227.0,0.083,12.1,,,
2020-07-02,14519.0,473.0,31.0,1.0,4537.0,237764.0,0.088,11.3,,,
2020-07-03,15259.0,740.0,32.0,1.0,4483.0,242247.0,0.097,10.3,,,
2020-07-04,15491.0,232.0,34.0,2.0,4050.0,246297.0,0.09,11.1,,,
2020-07-05,15784.0,293.0,34.0,0.0,4710.0,251007.0,0.086,11.7,,,
2020-07-06,15964.0,180.0,35.0,1.0,4721.0,255728.0,0.085,11.8,,,
2020-07-07,16168.0,204.0,35.0,0.0,6133.0,261861.0,0.078,12.9,,,
2020-07-08,16423.0,255.0,35.0,0.0,4696.0,266557.0,0.071,14.0,,,
2020-07-09,16531.0,108.0,35.0,0.0,4588.0,271145.0,0.06,16.6,,,
2020-07-10,16649.0,118.0,35.0,0.0,4806.0,275951.0,0.041,24.2,,,
2020-07-11,16719.0,70.0,38.0,3.0,3648.0,279599.0,0.037,27.1,,,
2020-07-12,16801.0,82.0,38.0,0.0,3916.0,283515.0,0.031,32.0,,,
2020-07-13,16945.0,144.0,38.0,0.0,5802.0,289317.0,0.029,34.2,,,
2020-07-14,17061.0,116.0,38.0,0.0,4422.0,293739.0,0.028,35.7,,,
2020-07-15,17177.0,116.0,39.0,1.0,5090.0,298829.0,0.023,42.8,,,
2020-07-16,17344.0,167.0,39.0,0.0,4981.0,303810.0,0.025,40.2,,,
2020-07-17,17445.0,101.0,40.0,1.0,4688.0,308498.0,0.024,40.9,,,
2020-07-18,17502.0,57.0,40.0,0.0,3331.0,311829.0,0.024,41.2,,,
2020-07-19,17658.0,156.0,40.0,0.0,3741.0,315570.0,0.027,37.4,,,
2020-07-20,17844.0,186.0,40.0,0.0,4302.0,319872.0,0.029,34.0,,,
2020-07-21,17994.0,150.0,40.0,0.0,3544.0,323416.0,0.031,31.8,,,
2020-07-22,18094.0,100.0,42.0,2.0,4198.0,327614.0,0.032,31.4,,,
2020-07-23,18241.0,147.0,43.0,1.0,3481.0,331095.0,0.033,30.4,,,
2020-07-24,18374.0,133.0,44.0,1.0,3987.0,335082.0,0.035,28.6,,,
2020-07-25,18483.0,109.0,45.0,1.0,4075.0,339157.0,0.036,27.9,,,
2020-07-26,18613.0,130.0,45.0,0.0,3300.0,342457.0,0.036,28.2,,,
2020-07-27,18752.0,139.0,48.0,3.0,4818.0,347275.0,0.033,30.2,,,
2020-07-28,19063.0,311.0,49.0,1.0,5032.0,352307.0,0.037,27.0,,,
2020-07-29,19273.0,210.0,49.0,0.0,6037.0,358344.0,0.038,26.1,,,
2020-07-30,19547.0,274.0,52.0,3.0,6304.0,364648.0,0.039,25.7,,,
2020-07-31,19771.0,224.0,56.0,4.0,10768.0,375416.0,0.035,28.9,,,
2020-08-01,20086.0,315.0,56.0,0.0,6993.0,382409.0,0.037,27.0,,,
2020-08-02,20332.0,246.0,57.0,1.0,8861.0,391270.0,0.035,28.4,,,
2020-08-03,20750.0,418.0,57.0,0.0,7637.0,398907.0,0.039,25.8,,,
2020-08-04,21009.0,259.0,58.0,1.0,7687.0,406594.0,0.036,27.9,,,
2020-08-05,21390.0,381.0,60.0,2.0,6359.0,412953.0,0.039,25.8,,,
2020-08-06,21750.0,360.0,65.0,5.0,6622.0,419575.0,0.04,24.9,,,
2020-08-07,22214.0,464.0,70.0,5.0,7926.0,427501.0,0.047,21.3,,,
2020-08-08,22592.0,378.0,73.0,3.0,7788.0,435289.0,0.047,21.1,,,
2020-08-09,22972.0,380.0,75.0,2.0,8515.0,443804.0,0.05,19.9,,,
2020-08-10,23310.0,338.0,79.0,4.0,8432.0,452236.0,0.048,20.8,,,
2020-08-11,23948.0,638.0,83.0,4.0,10462.0,462698.0,0.052,19.1,,,
2020-08-12,24432.0,484.0,91.0,8.0,10481.0,473179.0,0.051,19.8,,,
2020-08-13,24957.0,525.0,95.0,4.0,9859.0,483038.0,0.051,19.8,,,
2020-08-14,25551.0,594.0,99.0,4.0,11575.0,494613.0,0.05,20.1,,,
2020-08-15,26019.0,468.0,102.0,3.0,11047.0,505660.0,0.049,20.5,,,
2020-08-16,26660.0,641.0,104.0,2.0,12247.0,517907.0,0.05,20.1,,,
2020-08-17,27241.0,581.0,107.0,3.0,11520.0,529427.0,0.051,19.6,,,
2020-08-18,28257.0,1016.0,114.0,7.0,13439.0,542866.0,0.054,18.6,,,
2020-08-19,28938.0,681.0,120.0,6.0,11522.0,554388.0,0.055,18.0,,,
2020-08-20,29645.0,707.0,126.0,6.0,11832.0,566220.0,0.056,17.7,,,
2020-08-21,30483.0,838.0,137.0,11.0,13679.0,579899.0,0.058,17.3,,,
2020-08-22,31117.0,634.0,146.0,9.0,12519.0,592418.0,0.059,17.0,,,
2020-08-23,31935.0,818.0,149.0,3.0,8026.0,600444.0,0.064,15.6,,,
2020-08-24,32678.0,743.0,157.0,8.0,10234.0,610678.0,0.067,14.9,,,
2020-08-25,33533.0,855.0,164.0,7.0,11321.0,621999.0,0.067,15.0,,,
2020-08-26,34418.0,885.0,175.0,11.0,13253.0,635252.0,0.068,14.8,,,
2020-08-27,35529.0,1111.0,183.0,8.0,12629.0,647881.0,0.072,13.9,,,
2020-08-28,36456.0,927.0,195.0,12.0,10229.0,658110.0,0.076,13.1,,,
2020-08-29,37340.0,884.0,207.0,12.0,11516.0,669626.0,0.081,12.4,,,
2020-08-30,38561.0,1221.0,221.0,14.0,12717.0,682343.0,0.081,12.4,,,
2020-08-31,39460.0,899.0,228.0,7.0,11129.0,693472.0,0.082,12.2,,,
2020-09-01,40529.0,1069.0,239.0,11.0,12088.0,705560.0,0.084,11.9,,,
2020-09-02,41649.0,1120.0,251.0,12.0,12879.0,718439.0,0.087,11.5,,,
2020-09-03,42877.0,1228.0,257.0,6.0,13413.0,731852.0,0.088,11.4,,,
2020-09-04,44236.0,1359.0,271.0,14.0,13638.0,745490.0,0.089,11.2,,,
2020-09-05,45277.0,1041.0,280.0,9.0,12473.0,757963.0,0.09,11.1,,,
2020-09-06,46257.0,980.0,289.0,9.0,10382.0,768345.0,0.089,11.2,,,
2020-09-07,47236.0,979.0,300.0,11.0,9218.0,777563.0,0.092,10.8,,,
2020-09-08,48138.0,902.0,306.0,6.0,10611.0,788174.0,0.092,10.9,,,
2020-09-09,49219.0,1081.0,312.0,6.0,11167.0,799341.0,0.094,10.7,,,
2020-09-10,50465.0,1246.0,317.0,5.0,11144.0,810485.0,0.097,10.4,,,
2020-09-11,51919.0,1454.0,322.0,5.0,10701.0,821186.0,0.101,9.9,,,
2020-09-12,53120.0,1201.0,336.0,14.0,10176.0,831362.0,0.107,9.4,,,
2020-09-13,54159.0,1039.0,345.0,9.0,9165.0,840527.0,0.109,9.1,,,
2020-09-14,55329.0,1170.0,360.0,15.0,10878.0,851405.0,0.11,9.1,,,
2020-09-15,56788.0,1459.0,371.0,11.0,10375.0,861780.0,0.118,8.5,,,
2020-09-16,58327.0,1539.0,379.0,8.0,10494.0,872274.0,0.125,8.0,,,
2020-09-17,59573.0,1246.0,383.0,4.0,10641.0,882915.0,0.126,8.0,,,
2020-09-18,61593.0,2020.0,390.0,7.0,11458.0,894373.0,0.132,7.6,,,
2020-09-19,62797.0,1204.0,401.0,11.0,10333.0,904706.0,0.132,7.6,,,
2020-09-20,64122.0,1325.0,411.0,10.0,9584.0,914290.0,0.135,7.4,,,
2020-09-21,65276.0,1154.0,427.0,16.0,9533.0,923823.0,0.137,7.3,,,
2020-09-22,66632.0,1356.0,429.0,2.0,11154.0,934977.0,0.134,7.4,,,
2020-09-23,67804.0,1172.0,436.0,7.0,9497.0,944474.0,0.131,7.6,,,
2020-09-24,69301.0,1497.0,453.0,17.0,11449.0,955923.0,0.133,7.5,,,
2020-09-25,70614.0,1313.0,459.0,6.0,12262.0,968185.0,0.122,8.2,,,
2020-09-26,71821.0,1207.0,467.0,8.0,10019.0,978204.0,0.123,8.1,,,
2020-09-27,73394.0,1573.0,477.0,10.0,10123.0,988327.0,0.125,8.0,,,
2020-09-28,74745.0,1351.0,481.0,4.0,10080.0,998407.0,0.127,7.9,,,
2020-09-29,76258.0,1513.0,491.0,10.0,10891.0,1009298.0,0.13,7.7,,,
2020-09-30,77817.0,1559.0,498.0,7.0,12205.0,1021503.0,0.13,7.7,,,
2020-10-01,79728.0,1911.0,509.0,11.0,12444.0,1033947.0,0.134,7.5,,,
2020-10-02,82450.0,2722.0,520.0,11.0,14739.0,1048686.0,0.147,6.8,,,
2020-10-03,84570.0,2120.0,528.0,8.0,12978.0,1061664.0,0.153,6.5,,,
2020-10-04,86823.0,2253.0,535.0,7.0,12784.0,1074448.0,0.156,6.4,,,
2020-10-05,89263.0,2440.0,554.0,19.0,13781.0,1088229.0,0.162,6.2,,,
2020-10-06,90814.0,1551.0,563.0,9.0,11047.0,1099276.0,0.162,6.2,,,
2020-10-07,94253.0,3439.0,578.0,15.0,14209.0,1113485.0,0.179,5.6,,,
2020-10-08,98617.0,4364.0,590.0,12.0,18473.0,1131958.0,0.193,5.2,,,
2020-10-09,100676.0,2059.0,600.0,10.0,13279.0,1145237.0,0.189,5.3,,,
2020-10-10,105684.0,5008.0,614.0,14.0,19320.0,1164557.0,0.205,4.9,,,
2020-10-11,107755.0,2071.0,636.0,22.0,12427.0,1176984.0,0.204,4.9,,,
2020-10-12,111802.0,4047.0,645.0,9.0,14530.0,1191514.0,0.218,4.6,,,
2020-10-13,115358.0,3556.0,663.0,18.0,15577.0,1207091.0,0.228,4.4,,,
2020-10-14,117996.0,2638.0,675.0,12.0,13947.0,1221038.0,0.221,4.5,,,
2020-10-15,121745.0,3749.0,694.0,19.0,16598.0,1237636.0,0.219,4.6,,,
2020-10-16,126137.0,4392.0,715.0,21.0,16531.0,1254167.0,0.234,4.3,,,
2020-10-17,129304.0,3167.0,727.0,12.0,15438.0,1269605.0,0.225,4.4,,,
2020-10-18,132246.0,2942.0,739.0,12.0,13749.0,1283354.0,0.23,4.3,,,
2020-10-19,136036.0,3790.0,757.0,18.0,17564.0,1300918.0,0.222,4.5,,,
2020-10-20,139129.0,3093.0,765.0,8.0,13861.0,1314779.0,0.221,4.5,,,
2020-10-21,144872.0,5743.0,791.0,26.0,20118.0,1334897.0,0.236,4.2,,,
2020-10-22,148509.0,3637.0,812.0,21.0,15255.0,1350152.0,0.238,4.2,,,
2020-10-23,153008.0,4499.0,829.0,17.0,16864.0,1367016.0,0.238,4.2,,,
2020-10-24,155233.0,2225.0,842.0,13.0,13846.0,1380862.0,0.233,4.3,,,
2020-10-25,158089.0,2856.0,847.0,5.0,12311.0,1393173.0,0.235,4.2,,,
2020-10-26,159830.0,1741.0,862.0,15.0,5006.0,1398179.0,0.245,4.1,,,
2020-10-27,160400.0,570.0,876.0,14.0,2515.0,1400694.0,0.248,4.0,,,
2020-10-28,162354.0,1954.0,887.0,11.0,8601.0,1409295.0,0.235,4.3,,,
2020-10-29,164718.0,2364.0,904.0,17.0,9769.0,1419064.0,0.235,4.3,,,
2020-10-30,168235.0,3517.0,920.0,16.0,14989.0,1434053.0,0.227,4.4,,,
2020-10-31,170743.0,2508.0,937.0,17.0,9290.0,1443343.0,0.248,4.0,,,
2020-11-01,173567.0,2824.0,960.0,23.0,13023.0,1456366.0,0.245,4.1,,,
2020-11-02,176500.0,2933.0,984.0,24.0,13446.0,1469812.0,0.233,4.3,,,
2020-11-03,179614.0,3114.0,1004.0,20.0,11166.0,1480978.0,0.239,4.2,,,
2020-11-04,182923.0,3309.0,1034.0,30.0,13144.0,1494122.0,0.242,4.1,,,
2020-11-05,185974.0,3051.0,1052.0,18.0,13068.0,1507190.0,0.241,4.1,,,
2020-11-06,188883.0,2909.0,1070.0,18.0,10153.0,1517343.0,0.248,4.0,,,
2020-11-07,191636.0,2753.0,1087.0,17.0,10423.0,1527766.0,0.247,4.0,,,
2020-11-08,194453.0,2817.0,1108.0,21.0,12311.0,1540077.0,0.249,4.0,,,
2020-11-09,197024.0,2571.0,1126.0,18.0,11177.0,1551254.0,0.252,4.0,,,
2020-11-10,199760.0,2736.0,1148.0,22.0,12960.0,1564214.0,0.242,4.1,,,
2020-11-11,202329.0,2569.0,1174.0,26.0,10081.0,1574295.0,0.242,4.1,,,
2020-11-12,204242.0,1913.0,1189.0,15.0,10022.0,1584317.0,0.237,4.2,,,
2020-11-13,206353.0,2111.0,1202.0,13.0,9533.0,1593850.0,0.228,4.4,,,
2020-11-14,208299.0,1946.0,1215.0,13.0,8753.0,1602603.0,0.223,4.5,,,
2020-11-15,209776.0,1477.0,1221.0,6.0,6476.0,1609079.0,0.222,4.5,,,
2020-11-16,210973.0,1197.0,1230.0,9.0,4832.0,1613911.0,0.223,4.5,,,
2020-11-17,211475.0,502.0,1247.0,17.0,3112.0,1617023.0,0.222,4.5,,,
2020-11-18,212917.0,1442.0,1259.0,12.0,6731.0,1623754.0,0.214,4.7,,,
2020-11-19,215020.0,2103.0,1276.0,17.0,9805.0,1633559.0,0.219,4.6,,,
2020-11-20,216965.0,1945.0,1298.0,22.0,10340.0,1643899.0,0.212,4.7,,,
2020-11-21,218639.0,1674.0,1305.0,7.0,8144.0,1652043.0,0.209,4.8,,,
2020-11-22,220308.0,1669.0,1321.0,16.0,8032.0,1660075.0,0.207,4.8,,,
2020-11-23,222288.0,1980.0,1337.0,16.0,10381.0,1670456.0,0.2,5.0,,,
2020-11-24,224078.0,1790.0,1361.0,24.0,10843.0,1681299.0,0.196,5.1,,,
2020-11-25,226026.0,1948.0,1389.0,28.0,9210.0,1690509.0,0.196,5.1,,,
2020-11-26,227640.0,1614.0,1412.0,23.0,9491.0,1700000.0,0.19,5.3,,,
2020-11-27,229343.0,1703.0,1435.0,23.0,10460.0,1710460.0,0.186,5.4,,,
2020-11-28,230723.0,1380.0,1454.0,19.0,9368.0,1719828.0,0.178,5.6,,,
2020-11-29,231978.0,1255.0,1479.0,25.0,8008.0,1727836.0,0.172,5.8,,,
2020-11-30,233452.0,1474.0,1508.0,29.0,9911.0,1737747.0,0.166,6.0,,,
2020-12-01,233452.0,0.0,1529.0,21.0,8583.0,1746330.0,0.144,6.9,,,
2020-12-02,236246.0,2794.0,1538.0,9.0,8300.0,1754630.0,0.159,6.3,,,
2020-12-03,237589.0,1343.0,1551.0,13.0,9289.0,1763919.0,0.156,6.4,,,
2020-12-04,238861.0,1272.0,1567.0,16.0,8031.0,1771950.0,0.155,6.5,,,
2020-12-05,239885.0,1024.0,1577.0,10.0,6074.0,1778024.0,0.157,6.4,,,
2020-12-06,240981.0,1096.0,1594.0,17.0,6495.0,1784519.0,0.159,6.3,,,
2020-12-07,241995.0,1014.0,1614.0,20.0,6220.0,1790739.0,0.161,6.2,,,
2020-12-08,243377.0,1382.0,1637.0,23.0,8947.0,1799686.0,0.186,5.4,,,
2020-12-09,244433.0,1056.0,1651.0,14.0,6286.0,1805972.0,0.159,6.3,,,
2020-12-10,245650.0,1217.0,1663.0,12.0,7232.0,1813204.0,0.164,6.1,,,
2020-12-11,246694.0,1044.0,1674.0,11.0,7414.0,1820618.0,0.161,6.2,,,
2020-12-12,247593.0,899.0,1689.0,15.0,5242.0,1825860.0,0.161,6.2,,,
2020-12-13,248423.0,830.0,1698.0,9.0,5181.0,1831041.0,0.16,6.3,,,
2020-12-14,249244.0,821.0,1716.0,18.0,5423.0,1836464.0,0.159,6.3,,,
2020-12-15,250180.0,936.0,1730.0,14.0,7117.0,1843581.0,0.155,6.5,,,
2020-12-16,250916.0,736.0,1743.0,13.0,5555.0,1849136.0,0.15,6.7,,,
2020-12-17,251692.0,776.0,1749.0,6.0,6588.0,1855724.0,0.142,7.0,,,
2020-12-18,252474.0,782.0,1765.0,16.0,5706.0,1861430.0,0.142,7.1,,,
2020-12-19,253184.0,710.0,1777.0,12.0,4780.0,1866210.0,0.139,7.2,,,
2020-12-20,253772.0,588.0,1788.0,11.0,4620.0,1870830.0,0.134,7.4,,,
2020-12-21,254514.0,742.0,1795.0,7.0,,,0.128,7.8,,,
2020-12-22,255236.0,722.0,1798.0,3.0,,1884181.0,0.125,8.0,,,
2020-12-23,255979.0,743.0,1803.0,5.0,6559.0,1890740.0,0.122,8.2,,,
2020-12-24,256592.0,613.0,1808.0,5.0,5510.0,1896250.0,0.121,8.3,,,
2020-12-25,257200.0,608.0,1816.0,8.0,4142.0,1900392.0,0.121,8.2,,,
2020-12-26,257700.0,500.0,1819.0,3.0,5434.0,1905826.0,0.114,8.8,,,
2020-12-27,258181.0,481.0,1825.0,6.0,3828.0,1909654.0,0.114,8.8,,,
2020-12-28,258840.0,659.0,1832.0,7.0,5578.0,1915232.0,0.115,8.7,,,
2020-12-29,259548.0,708.0,1840.0,8.0,6135.0,1921367.0,0.116,8.6,,,
2020-12-30,260059.0,511.0,1847.0,7.0,,,0.113,8.9,,,
2020-12-31,260593.0,534.0,1856.0,9.0,,1932477.0,0.11,9.1,,,
2021-01-01,261019.0,426.0,1864.0,8.0,5225.0,1937702.0,0.102,9.8,,,
2021-01-02,261438.0,419.0,1870.0,6.0,,,0.1,10.0,,,
2021-01-03,261859.0,421.0,1878.0,8.0,,1948502.0,0.095,10.6,,,
2021-01-04,262262.0,403.0,1885.0,7.0,4401.0,1952903.0,0.091,11.0,,,
2021-01-05,262784.0,522.0,1893.0,8.0,4551.0,1957454.0,0.09,11.2,,,
2021-01-06,263193.0,409.0,1899.0,6.0,6706.0,1964160.0,0.084,11.9,,,
2021-01-07,263605.0,412.0,1903.0,4.0,5132.0,1969292.0,0.082,12.2,,,
2021-01-08,264159.0,554.0,1909.0,6.0,5269.0,1974561.0,0.085,11.7,,,
2021-01-09,264521.0,362.0,1912.0,3.0,4286.0,1978847.0,0.086,11.6,,,
2021-01-10,264780.0,259.0,1917.0,5.0,3399.0,1982246.0,0.087,11.6,,,
2021-01-11,265268.0,488.0,1927.0,10.0,5309.0,1987555.0,0.087,11.5,,,
2021-01-12,265698.0,430.0,1932.0,5.0,5300.0,1992855.0,0.082,12.1,,,
2021-01-13,266143.0,445.0,1937.0,5.0,4154.0,1997009.0,0.09,11.1,,,
2021-01-14,266546.0,403.0,1943.0,6.0,5032.0,2002041.0,0.09,11.1,,,
2021-01-15,266816.0,270.0,1948.0,5.0,3084.0,2005125.0,0.087,11.5,,,
2021-01-16,267056.0,240.0,1954.0,6.0,3819.0,2008944.0,0.084,11.9,,,
2021-01-17,267322.0,266.0,1959.0,5.0,3508.0,2012452.0,0.084,11.9,,,
2021-01-18,267644.0,322.0,1965.0,6.0,4306.0,2016758.0,0.081,12.3,,,
2021-01-19,267992.0,348.0,1969.0,4.0,4956.0,2021714.0,0.079,12.6,,,
2021-01-20,268310.0,318.0,1975.0,6.0,5012.0,2026726.0,0.073,13.7,,,
2021-01-21,268646.0,336.0,1979.0,4.0,5030.0,2031756.0,0.071,14.2,,,
2021-01-22,268948.0,302.0,1986.0,7.0,3545.0,2035301.0,0.071,14.2,,,
2021-01-23,269180.0,232.0,1994.0,8.0,3541.0,2038842.0,0.071,14.1,,,
2021-01-24,269450.0,270.0,2001.0,7.0,4413.0,2043255.0,0.069,14.5,,,
2021-01-25,269789.0,339.0,2011.0,10.0,4858.0,2048113.0,0.068,14.6,,,
2021-01-26,270092.0,303.0,2017.0,6.0,4574.0,2052687.0,0.068,14.8,0.0,,
2021-01-27,270375.0,283.0,2020.0,3.0,4382.0,2057069.0,0.068,14.7,,,
2021-01-28,270588.0,213.0,2020.0,0.0,3791.0,2060860.0,0.067,15.0,,,
2021-01-29,270745.0,157.0,2025.0,5.0,3221.0,2064081.0,0.062,16.0,,,
2021-01-30,270854.0,109.0,2027.0,2.0,3618.0,2067699.0,0.058,17.2,,,
2021-01-31,270959.0,105.0,2029.0,2.0,3308.0,2071007.0,0.054,18.4,,,
2021-02-01,271118.0,159.0,2029.0,0.0,4145.0,2075152.0,0.049,20.3,113175.0,113175.0,
2021-02-02,271289.0,171.0,2030.0,1.0,2946.0,2078098.0,0.047,21.2,,,
2021-02-03,271431.0,142.0,2031.0,1.0,3597.0,2081695.0,0.043,23.3,,,
2021-02-04,271602.0,171.0,2033.0,2.0,3878.0,2085573.0,0.041,24.4,158487.0,158487.0,
2021-02-05,271707.0,105.0,2035.0,2.0,2799.0,2088372.0,0.04,25.2,,,
2021-02-06,271806.0,99.0,2035.0,0.0,2794.0,2091166.0,0.041,24.6,,,
2021-02-07,271925.0,119.0,2038.0,3.0,2251.0,2093417.0,0.043,23.2,,,
2021-02-08,272055.0,130.0,2045.0,7.0,3333.0,2096750.0,0.043,23.0,,,
2021-02-09,272215.0,160.0,2047.0,2.0,4309.0,2101059.0,0.04,24.8,,,
2021-02-10,272349.0,134.0,2047.0,0.0,3567.0,2104626.0,0.04,25.0,,,
2021-02-11,272430.0,81.0,2052.0,5.0,3023.0,2107649.0,0.038,26.7,,,
2021-02-12,272557.0,127.0,2054.0,2.0,4000.0,2111649.0,0.037,27.4,,,
2021-02-13,272614.0,57.0,2054.0,0.0,1900.0,2113549.0,0.036,27.7,,,
2021-02-14,272718.0,104.0,2054.0,0.0,3501.0,2117050.0,0.034,29.8,,,
2021-02-15,272840.0,122.0,2055.0,1.0,3541.0,2120591.0,0.033,30.4,,,
2021-02-16,272945.0,105.0,2055.0,0.0,3360.0,2123951.0,0.032,31.4,,,
2021-02-17,273070.0,125.0,2055.0,0.0,3838.0,2127789.0,0.031,32.1,,,
2021-02-18,273166.0,96.0,2058.0,3.0,3541.0,2131330.0,0.031,32.2,,,
2021-02-19,273263.0,97.0,2061.0,3.0,2931.0,2134261.0,0.031,32.0,,,
2021-02-20,273351.0,88.0,2061.0,0.0,2048.0,2136309.0,0.032,30.9,402264.0,402264.0,
2021-02-21,273431.0,80.0,2061.0,0.0,3325.0,2139634.0,0.032,31.7,,,
2021-02-22,273556.0,125.0,2061.0,0.0,3681.0,2143315.0,0.032,31.7,,,
2021-02-23,273666.0,110.0,2065.0,4.0,3218.0,2146533.0,0.032,31.3,,,
2021-02-24,273760.0,94.0,2684.0,619.0,3692.0,2150225.0,0.031,32.5,,,
2021-02-25,273872.0,112.0,2685.0,1.0,3411.0,2153636.0,0.032,31.6,,,
2021-02-26,273984.0,112.0,2771.0,86.0,3944.0,2157580.0,0.031,32.3,,,
2021-02-27,274065.0,81.0,2773.0,2.0,2824.0,2160404.0,0.03,33.7,,,
2021-02-28,274143.0,78.0,2774.0,1.0,2532.0,2162936.0,0.031,32.7,,,
2021-03-01,274216.0,73.0,2777.0,3.0,3049.0,2165985.0,0.029,34.4,,,
2021-03-02,274294.0,78.0,2777.0,0.0,4127.0,2170112.0,0.027,37.5,,,
2021-03-03,274381.0,87.0,2778.0,1.0,3399.0,2173511.0,0.027,37.5,,,
2021-03-04,274488.0,107.0,2778.0,0.0,5536.0,2179047.0,0.024,41.2,,,
2021-03-05,274608.0,120.0,3010.0,232.0,6143.0,2185190.0,0.023,44.2,,,
2021-03-06,274655.0,47.0,3010.0,0.0,3535.0,2188725.0,0.021,48.0,,,
2021-03-07,274721.0,66.0,3010.0,0.0,4111.0,2192836.0,0.019,51.7,,,
2021-03-08,274810.0,89.0,3011.0,1.0,4399.0,2197235.0,0.019,52.6,,,
2021-03-09,274869.0,59.0,3012.0,1.0,2715.0,2199950.0,0.019,51.9,,,
2021-03-10,274973.0,104.0,3012.0,0.0,3488.0,2203438.0,0.02,50.5,,,
2021-03-11,275070.0,97.0,3012.0,0.0,4484.0,2207922.0,0.02,49.6,,,
2021-03-12,275118.0,48.0,3012.0,0.0,2512.0,2210434.0,0.02,49.5,,,
2021-03-13,275178.0,60.0,3014.0,2.0,2362.0,2212796.0,0.022,46.0,,,
2021-03-14,275231.0,53.0,3014.0,0.0,2615.0,2215411.0,0.023,44.3,,,
2021-03-15,275310.0,79.0,3014.0,0.0,3311.0,2218722.0,0.023,43.0,,,
2021-03-16,275424.0,114.0,3014.0,0.0,2790.0,2221512.0,0.026,38.8,,,
2021-03-17,275518.0,94.0,3014.0,0.0,2781.0,2224293.0,0.026,38.3,,,
2021-03-18,275625.0,107.0,3015.0,1.0,3254.0,2227547.0,0.028,35.4,,,
2021-03-19,275750.0,125.0,3016.0,1.0,3161.0,2230708.0,0.031,32.1,1600000.0,1600000.0,
2021-03-20,275829.0,79.0,3016.0,0.0,2637.0,2233345.0,0.032,31.6,,,
2021-03-21,275906.0,77.0,3016.0,0.0,3181.0,2236526.0,0.032,31.3,,,
2021-03-22,276056.0,150.0,3019.0,3.0,4472.0,2240998.0,0.033,29.9,,,
2021-03-23,276244.0,188.0,3019.0,0.0,4032.0,2245030.0,0.035,28.7,,,
2021-03-24,276389.0,145.0,3020.0,1.0,3963.0,2248993.0,0.035,28.4,,,
2021-03-25,276509.0,120.0,3020.0,0.0,2891.0,2251884.0,0.036,27.5,,,
2021-03-26,276665.0,156.0,3024.0,4.0,4416.0,2256300.0,0.036,28.0,,,
2021-03-27,276750.0,85.0,3027.0,3.0,2745.0,2259045.0,0.036,27.9,,,
2021-03-28,276839.0,89.0,3027.0,0.0,2101.0,2261146.0,0.038,26.4,,,
2021-03-29,276980.0,141.0,3027.0,0.0,3122.0,2264268.0,0.04,25.2,,,
2021-03-30,277147.0,167.0,3030.0,3.0,3140.0,2267408.0,0.04,24.8,,,
2021-03-31,277309.0,162.0,3030.0,0.0,3919.0,2271327.0,0.041,24.3,,,
2021-04-01,277461.0,152.0,3031.0,1.0,4213.0,2275540.0,0.04,24.8,,,
2021-04-02,277640.0,179.0,3031.0,0.0,3565.0,2279105.0,0.043,23.4,,,
2021-04-03,277768.0,128.0,3032.0,1.0,2727.0,2281832.0,0.045,22.4,,,
2021-04-04,277944.0,176.0,3032.0,0.0,3456.0,2285288.0,0.046,21.8,,,
2021-04-05,278210.0,266.0,3036.0,4.0,4536.0,2289824.0,0.048,20.8,1700000.0,1700000.0,
2021-04-06,278470.0,260.0,3036.0,0.0,4243.0,2294067.0,0.05,20.1,,,
2021-04-07,278768.0,298.0,3038.0,2.0,4100.0,2298167.0,0.054,18.4,1806236.0,1806236.0,
2021-04-08,279100.0,332.0,3038.0,0.0,4006.0,2302173.0,0.062,16.3,1811658.0,1811658.0,
2021-04-09,279388.0,288.0,3038.0,0.0,4071.0,2306244.0,0.064,15.5,1835263.0,1835263.0,
2021-04-10,279725.0,337.0,3039.0,1.0,3532.0,2309776.0,0.07,14.3,1841124.0,1841124.0,
2021-04-11,280028.0,303.0,3040.0,1.0,3125.0,2312901.0,0.075,13.3,1850570.0,1850570.0,
2021-04-12,280524.0,496.0,3053.0,13.0,4383.0,2317284.0,0.084,11.9,,,
2021-04-13,280984.0,460.0,3058.0,5.0,4386.0,2321670.0,0.091,11.0,1873377.0,1873377.0,
2021-04-14,281564.0,580.0,3061.0,3.0,4289.0,2325959.0,0.101,9.9,,,
2021-04-15,282054.0,490.0,3066.0,5.0,3588.0,2329547.0,0.108,9.3,1885755.0,1885755.0,
2021-04-16,282890.0,836.0,3070.0,4.0,5537.0,2335084.0,0.121,8.2,1900583.0,1900583.0,
2021-04-17,283658.0,768.0,3075.0,5.0,5333.0,2340417.0,0.128,7.8,1910209.0,1910209.0,
2021-04-18,284673.0,1015.0,3083.0,8.0,5084.0,2345501.0,0.142,7.0,1924703.0,1924703.0,
2021-04-19,285900.0,1227.0,3091.0,8.0,7001.0,2352502.0,0.153,6.6,1938679.0,1938679.0,
2021-04-20,287567.0,1667.0,3102.0,11.0,8055.0,2360557.0,0.169,5.9,1961992.0,1961992.0,
2021-04-21,289787.0,2220.0,3112.0,10.0,8844.0,2369401.0,0.189,5.3,1966506.0,1966506.0,
2021-04-22,292152.0,2365.0,3117.0,5.0,10001.0,2379402.0,0.203,4.9,1978239.0,1978239.0,
2021-04-23,294601.0,2449.0,3122.0,5.0,8798.0,2388200.0,0.22,4.5,1989248.0,1989248.0,
2021-04-24,297087.0,2486.0,3136.0,14.0,7525.0,2395725.0,0.243,4.1,,,
2021-04-25,300119.0,3032.0,3164.0,28.0,9292.0,2405017.0,0.26,3.9,2006436.0,2006436.0,
2021-04-26,303561.0,3442.0,3176.0,12.0,12400.0,2417417.0,0.272,3.7,2019177.0,2019177.0,
2021-04-27,307925.0,4364.0,3194.0,18.0,14672.0,2432089.0,0.285,3.5,2051440.0,2051440.0,
2021-04-28,312699.0,4774.0,3211.0,17.0,13879.0,2445968.0,0.299,3.3,2091511.0,2091511.0,
2021-04-29,317530.0,4831.0,3246.0,35.0,12597.0,2458565.0,0.321,3.1,,,
2021-04-30,323187.0,5657.0,3279.0,33.0,,,0.335,3.0,,,
2021-05-01,328893.0,5706.0,3298.0,19.0,,2488359.0,0.343,2.9,,,
2021-05-02,336030.0,7137.0,3325.0,27.0,16117.0,2504476.0,0.361,2.8,,,
2021-05-03,343418.0,7388.0,3362.0,37.0,16688.0,2521164.0,0.384,2.6,,,
2021-05-04,351005.0,7587.0,3417.0,55.0,16131.0,2537295.0,0.409,2.4,,,
2021-05-05,359610.0,8605.0,3475.0,58.0,20756.0,2558051.0,0.419,2.4,,,
2021-05-06,368580.0,8970.0,3529.0,54.0,20367.0,2578418.0,0.426,2.3,,,
2021-05-07,377603.0,9023.0,3579.0,50.0,19987.0,2598405.0,0.436,2.3,2453512.0,2091511.0,362001.0
2021-05-08,385890.0,8287.0,3632.0,53.0,,,0.445,2.2,,,
2021-05-09,394667.0,8777.0,3720.0,88.0,,2634504.0,0.451,2.2,,,
2021-05-10,403794.0,9127.0,3859.0,139.0,17626.0,2652130.0,0.461,2.2,,,
2021-05-11,413111.0,9317.0,4084.0,225.0,20596.0,2672726.0,0.459,2.2,,,
2021-05-12,422349.0,9238.0,4252.0,168.0,20362.0,2693088.0,0.465,2.2,,,
2021-05-13,431191.0,8842.0,4466.0,214.0,19474.0,2712562.0,0.467,2.1,,,
2021-05-14,439658.0,8467.0,4669.0,203.0,20948.0,2733510.0,0.459,2.2,,,
2021-05-15,447704.0,8046.0,4856.0,187.0,17971.0,2751481.0,0.458,2.2,,,
2021-05-16,455020.0,7316.0,5001.0,145.0,19499.0,2770980.0,0.442,2.3,,,
2021-05-17,464218.0,9198.0,5215.0,214.0,21693.0,2792673.0,0.43,2.3,,,
2021-05-18,472354.0,8136.0,5411.0,196.0,20286.0,2812959.0,0.422,2.4,2539590.0,2113080.0,426510.0
2021-05-19,480418.0,8064.0,5657.0,246.0,21139.0,2834098.0,0.412,2.4,,,
2021-05-20,488645.0,8227.0,5847.0,190.0,21695.0,2855793.0,0.401,2.5,2596711.0,2113080.0,483631.0
2021-05-21,497052.0,8407.0,6024.0,177.0,22353.0,2878146.0,0.397,2.5,2627333.0,2113080.0,514253.0
2021-05-22,505643.0,8591.0,6153.0,129.0,19357.0,2897503.0,0.397,2.5,2644648.0,2113080.0,531568.0
2021-05-23,513241.0,7598.0,6346.0,193.0,18965.0,2916468.0,0.4,2.5,2666669.0,2113080.0,553589.0
2021-05-24,520461.0,7220.0,6531.0,185.0,19846.0,2936314.0,0.392,2.6,2706835.0,2113080.0,593755.0
2021-05-25,528848.0,8387.0,6700.0,169.0,22306.0,2958620.0,0.388,2.6,2727193.0,2113080.0,614113.0
2021-05-26,535525.0,6677.0,6845.0,145.0,19030.0,2977650.0,0.384,2.6,2741964.0,2113080.0,628884.0
2021-05-27,542256.0,6731.0,6951.0,106.0,20414.0,2998064.0,0.377,2.7,2761148.0,2113080.0,648068.0
2021-05-28,549111.0,6855.0,7047.0,96.0,19313.0,3017377.0,0.374,2.7,2767931.0,2113080.0,654851.0
2021-05-29,553422.0,4311.0,7163.0,116.0,14006.0,3031383.0,0.357,2.8,2800019.0,2113080.0,686939.0
2021-05-30,557124.0,3702.0,7272.0,109.0,10986.0,3042369.0,0.349,2.9,2802596.0,2113080.0,689516.0
2021-05-31,561302.0,4178.0,7386.0,114.0,15055.0,3057424.0,0.337,3.0,,,
2021-06-01,566587.0,5285.0,7454.0,68.0,17147.0,3074571.0,0.325,3.1,,,
2021-06-02,571111.0,4524.0,7555.0,101.0,13805.0,3088376.0,0.321,3.1,,,
2021-06-03,576936.0,5825.0,7630.0,75.0,18562.0,3106938.0,0.319,3.1,,,
2021-06-04,581560.0,4624.0,7731.0,101.0,14182.0,3121120.0,0.313,3.2,,,
2021-06-05,585100.0,3540.0,7799.0,68.0,11471.0,3132591.0,0.313,3.2,,,
2021-06-06,588124.0,3024.0,7898.0,99.0,10471.0,3143062.0,0.308,3.2,2804574.0,2113080.0,691494.0
2021-06-07,591494.0,3370.0,7990.0,92.0,12002.0,3155064.0,0.309,3.2,,,
2021-06-08,595364.0,3870.0,8098.0,108.0,12065.0,3167129.0,0.311,3.2,,,
2021-06-09,598813.0,3449.0,8179.0,81.0,12074.0,3179203.0,0.305,3.3,2861314.0,2169820.0,691494.0
2021-06-10,601687.0,2874.0,8238.0,59.0,9901.0,3189104.0,0.301,3.3,2936113.0,2244619.0,691494.0
2021-06-11,604396.0,2709.0,8305.0,67.0,9598.0,3198702.0,0.294,3.4,,,
2021-06-12,606778.0,2382.0,8366.0,61.0,8506.0,3207208.0,0.291,3.4,3074592.0,2383098.0,691494.0
2021-06-13,608472.0,1694.0,8412.0,46.0,7517.0,3214725.0,0.284,3.5,,,
2021-06-14,610521.0,2049.0,8465.0,53.0,9438.0,3224163.0,0.275,3.6,,,
2021-06-15,612202.0,1681.0,8506.0,41.0,7449.0,3231612.0,0.261,3.8,3129621.0,2438127.0,691494.0
2021-06-16,614216.0,2014.0,8558.0,52.0,8687.0,3240299.0,0.252,4.0,3153419.0,2461925.0,691494.0
2021-06-17,615984.0,1768.0,8597.0,39.0,7711.0,3248010.0,0.243,4.1,,,
2021-06-18,617947.0,1963.0,8641.0,44.0,7569.0,3255579.0,0.238,4.2,,,
2021-06-19,619635.0,1688.0,8675.0,34.0,7010.0,3262589.0,0.232,4.3,3231849.0,2500196.0,731653.0
2021-06-20,621056.0,1421.0,8726.0,51.0,6677.0,3269266.0,0.231,4.3,,,
2021-06-21,622640.0,1584.0,8772.0,46.0,6583.0,3275849.0,0.234,4.3,,,
2021-06-22,626343.0,3703.0,8813.0,41.0,12204.0,3288053.0,0.251,4.0,,,
2021-06-23,627854.0,1511.0,8894.0,81.0,7461.0,3295514.0,0.247,4.0,,,
2021-06-24,629431.0,1577.0,8918.0,24.0,7235.0,3302749.0,0.246,4.1,,,
2021-06-25,631152.0,1721.0,8945.0,27.0,9586.0,3312335.0,0.233,4.3,,,
2021-06-26,632326.0,1174.0,8975.0,30.0,4704.0,3317039.0,0.233,4.3,3331960.0,2582375.0,749585.0
2021-06-27,633679.0,1353.0,9009.0,34.0,6000.0,3323039.0,0.235,4.3,3333921.0,2583790.0,750131.0
2021-06-28,635188.0,1509.0,9051.0,42.0,6648.0,3329687.0,0.233,4.3,3339983.0,2587873.0,752110.0
2021-06-29,636916.0,1728.0,9071.0,20.0,7259.0,3336946.0,0.216,4.6,3354095.0,2599553.0,754542.0
2021-06-30,638805.0,1889.0,9112.0,41.0,7187.0,3344133.0,0.225,4.4,3356335.0,2601316.0,755019.0
2021-07-01,640662.0,1857.0,9145.0,33.0,7130.0,3351263.0,0.231,4.3,3361468.0,2604866.0,756602.0
2021-07-02,642053.0,1391.0,9179.0,34.0,6566.0,3357829.0,0.24,4.2,,,
2021-07-03,643580.0,1527.0,9198.0,19.0,5837.0,3363666.0,0.241,4.1,3362828.0,2604866.0,757962.0
2021-07-04,644622.0,1042.0,9225.0,27.0,4876.0,3368542.0,0.241,4.2,3364051.0,2606005.0,758046.0
2021-07-05,646367.0,1745.0,9248.0,23.0,7499.0,3376041.0,0.241,4.1,3371761.0,2611807.0,759954.0
2021-07-06,648085.0,1718.0,9263.0,15.0,7503.0,3383544.0,0.24,4.2,,,
2021-07-07,650162.0,2077.0,9291.0,28.0,7835.0,3391379.0,0.24,4.2,3463107.0,2611807.0,851300.0
2021-07-08,651380.0,1218.0,9320.0,29.0,5374.0,3396753.0,0.236,4.2,,,
2021-07-09,652859.0,1479.0,9340.0,20.0,6657.0,3403410.0,0.237,4.2,3576315.0,2611807.0,964508.0
2021-07-10,654212.0,1353.0,9362.0,22.0,6530.0,3409940.0,0.23,4.4,,,
2021-07-11,655449.0,1237.0,9382.0,20.0,5535.0,3415475.0,0.231,4.3,3653173.0,2611807.0,1041366.0
2021-07-12,657139.0,1690.0,9400.0,18.0,7689.0,3423164.0,0.229,4.4,3690999.0,2611807.0,1079192.0
2021-07-13,658778.0,1639.0,9412.0,12.0,7058.0,3430222.0,0.229,4.4,3714937.0,2611807.0,1103130.0
2021-07-14,660788.0,2010.0,9430.0,18.0,8108.0,3438330.0,0.226,4.4,3730344.0,2621476.0,1108868.0
2021-07-15,662570.0,1782.0,9463.0,33.0,8256.0,3446586.0,0.225,4.5,,,
2021-07-16,664576.0,2006.0,9506.0,43.0,9613.0,3456199.0,0.222,4.5,3885991.0,2765709.0,1120282.0
2021-07-17,665886.0,1310.0,9527.0,21.0,,,0.22,4.5,4039720.0,2912850.0,1126870.0
2021-07-18,667109.0,1223.0,9550.0,23.0,,3469685.0,0.215,4.6,4129122.0,2999214.0,1129908.0
2021-07-19,668751.0,1642.0,9582.0,32.0,,,0.212,4.7,,,
2021-07-20,670953.0,2202.0,9607.0,25.0,,3486354.0,0.217,4.6,4309086.0,3150956.0,1158130.0
2021-07-21,672871.0,1918.0,9637.0,30.0,,,0.212,4.7,,,
2021-07-22,674726.0,1855.0,9661.0,24.0,,3504191.0,0.211,4.7,4589970.0,3308730.0,1281240.0
2021-07-23,676708.0,1982.0,9679.0,18.0,13698.0,3517889.0,0.197,5.1,4661963.0,3349951.0,1312012.0
2021-07-24,679017.0,2309.0,9695.0,16.0,10625.0,3528514.0,0.2,5.0,4743274.0,3377228.0,1366046.0
2021-07-25,680556.0,1539.0,9713.0,18.0,10569.0,3539083.0,0.194,5.2,4781216.0,3383038.0,1398178.0
2021-07-26,682947.0,2391.0,9738.0,25.0,12240.0,3551323.0,0.194,5.2,4828570.0,3405154.0,1423416.0
2021-07-27,685673.0,2726.0,9758.0,20.0,12655.0,3563978.0,0.19,5.3,4920010.0,3462340.0,1457670.0
2021-07-28,688307.0,2634.0,9791.0,33.0,10886.0,3574864.0,0.194,5.2,5047355.0,3544043.0,1503312.0
2021-07-29,690642.0,2335.0,9807.0,16.0,9555.0,3584419.0,0.198,5.0,5199536.0,3650733.0,1548803.0
2021-07-30,693109.0,2467.0,9834.0,27.0,9783.0,3594202.0,0.215,4.7,,,
2021-07-31,695389.0,2280.0,9857.0,23.0,9263.0,3603465.0,0.218,4.6,5682627.0,3936724.0,1745903.0
2021-08-01,697370.0,1981.0,9875.0,18.0,8402.0,3611867.0,0.231,4.3,5877759.0,4064288.0,1813471.0
2021-08-02,699649.0,2279.0,9898.0,23.0,10613.0,3622480.0,0.235,4.3,6163462.0,4163251.0,2000211.0
2021-08-03,702097.0,2448.0,9922.0,24.0,10638.0,3633118.0,0.238,4.2,6257243.0,4254540.0,2002703.0
2021-08-04,705072.0,2975.0,9957.0,35.0,11354.0,3644472.0,0.241,4.2,6372398.0,4297612.0,2074786.0
2021-08-05,708079.0,3007.0,9994.0,37.0,11870.0,3656342.0,0.242,4.1,6490177.0,4359277.0,2130900.0
2021-08-06,710509.0,2430.0,10019.0,25.0,9493.0,3665835.0,0.243,4.1,6611076.0,4403021.0,2208055.0
2021-08-07,712740.0,2231.0,10038.0,19.0,8866.0,3674701.0,0.244,4.1,6802415.0,4442622.0,2359793.0
2021-08-08,714877.0,2137.0,10093.0,55.0,9033.0,3683734.0,0.244,4.1,6986451.0,4494269.0,2492182.0
2021-08-09,717486.0,2609.0,10115.0,22.0,10445.0,3694179.0,0.249,4.0,7131481.0,4525435.0,2606046.0
2021-08-10,720680.0,3194.0,10150.0,35.0,13217.0,3707396.0,0.25,4.0,7263702.0,4541682.0,2722020.0
2021-08-11,723296.0,2616.0,10180.0,30.0,10907.0,3718303.0,0.247,4.1,7458913.0,4570553.0,2888360.0
2021-08-12,725769.0,2473.0,10212.0,32.0,10806.0,3729109.0,0.243,4.1,7515766.0,4593526.0,2922240.0
2021-08-13,728532.0,2763.0,10239.0,27.0,,,,,,,
